tenor,series,rho,rho_se,rho_ci_lo,rho_ci_hi,hl_ar1_days,hl_event_days,sample_size,notes
2,arb,0.993451123044878,0.0030267827015821613,0.9875187379607482,0.9993835081290079,105.49519132124672,,556,
2,m,0.8774725275684546,0.023080556726496622,0.8322354676413876,0.9227095874955217,5.302954122801063,,556,
5,arb,0.9969879904974491,0.0016947331392508807,0.9936663745811108,1.0003096064137873,229.78107213969685,,556,
5,m,0.7516646542532647,0.03880300920775315,0.6756121537142924,0.827717154792237,2.428133738259489,,556,
10,arb,0.995800947758101,0.0026067219223712755,0.9906918666725423,1.0009100288436596,164.72547601011354,,556,
10,m,0.7676094333992206,0.03377803238914008,0.7014057064478786,0.8338131603505626,2.620849647548049,,556,
20,arb,0.9880975978905047,0.005073143167878781,0.9781544199930469,0.9980407757879625,57.888641629091794,,556,
20,m,0.7885428929248389,0.028287622438133746,0.7331001717378297,0.8439856141118481,2.9176732217867754,,556,
