tenor_bucket,model,rmse,mae
2,AR(1),,
2,StateSpace,2.938189485660693,2.016540495798609
2,ToyPnL,-0.11529490063387411,3.102311842596335
5,AR(1),,
5,StateSpace,1.611889389153466,1.1065220759045837
5,ToyPnL,-0.03734665019902074,1.747317119133013
10,AR(1),,
10,StateSpace,7.370280667745224,5.73004463515561
10,ToyPnL,-0.05059044779625219,2.19353230550658
20,AR(1),,
20,StateSpace,4.250265469766928,3.160670268051171
20,ToyPnL,-0.047300328877652474,1.9644418326529904
